"year","month","pp","anom"
1979,1,19.99198947,-27.9296711298905
1979,2,13.035849643,-34.5452431742269
1979,3,25.079476350412,-35.7129743728819
1979,4,36.44419819629,-105.404157693605
1979,5,319.763164219835,-0.0557592333576622
1979,6,120.28205673959,-283.875036680841
1979,7,485.798921525,173.535926023793
1979,8,519.47259694,245.689678039718
1979,9,251.208828477,84.1806988936947
1979,10,128.1399612256,-7.04020803537361
1979,11,189.6375519,101.812107990039
1979,12,136.2445766454,68.9761062985894
1980,1,0.087582891,-47.8340777088905
1980,2,247.94579459412,200.364701776893
1980,3,41.36394428052,-19.4285064427739
1980,4,355.69639563961,213.848039749715
1980,5,716.673934315,396.855010861807
1980,6,421.4881918463,17.3310984258694
1980,7,298.187520437,-14.0754750642068
1980,8,307.993364725,34.2104458247176
1980,9,96.84479942,-70.1833301633053
1980,10,3.524659686729,-131.655509574245
1980,11,113.87944054567,26.0539966357088
1980,12,112.05541922857,44.7869488817594
1981,1,217.7064006405,169.78474004061
1981,2,23.07624722978,-24.5048455874469
1981,3,72.806798455,12.0143477317061
1981,4,133.94271815452,-7.90563773537539
1981,5,825.365565296,505.546641842807
1981,6,286.988232763,-117.168860657431
1981,7,329.4654859002,17.2024903989932
1981,8,147.124583752,-126.658335148282
1981,9,140.3800572168,-26.6480723665053
1981,10,87.323596506,-47.8565727549736
1981,11,36.306224875,-51.5192190349612
1981,12,49.2754365847,-17.9930337621106
1982,1,66.5709435362,18.6492829363095
1982,2,71.19981418461,23.6187213673831
1982,3,73.51442329,12.7219725667061
1982,4,40.0094297034,-101.838926186495
1982,5,408.5035899315,88.6846664783073
1982,6,585.703040524,181.545947103569
1982,7,579.31087116086,267.047875659653
1982,8,313.1093334588,39.3264145585176
1982,9,282.23244874,115.204319156695
1982,10,328.570199558712,193.390030297738
1982,11,112.522877552,24.6974336420388
1982,12,5.7662179775,-61.5022523693106
1983,1,106.501575788159,58.5799151882685
1983,2,7.11949660727,-40.4615962099569
1983,3,7.2330282805,-53.5594224427939
1983,4,162.46601549343,20.6176596035346
1983,5,192.1282221544,-127.690701298793
1983,6,430.8664518489,26.7093584284693
1983,7,346.668478119,34.4054826177932
1983,8,213.125555211,-60.6573636892824
1983,9,152.665655461,-14.3624741223053
1983,10,100.077314506,-35.1028547549736
1983,11,4.07773361,-83.7477102999612
1983,12,27.1071132912,-40.1613570556106
1984,1,48.280772322726,0.359111722835529
1984,2,79.77662636374,32.1955335465131
1984,3,68.89832664824,8.10587592494614
1984,4,51.8181086878,-90.0302472020954
1984,5,816.6160319798,496.797108526607
1984,6,386.3438870059,-17.8132064145307
1984,7,432.87582467,120.612829168793
1984,8,123.82359565,-149.959323250282
1984,9,203.3917229473,36.3635933639947
1984,10,301.247176863,166.067007602026
1984,11,47.4632120651,-40.3622318448612
1984,12,23.4612532362367,-43.8072171105739
1985,1,65.1880499452,17.2663893453095
1985,2,16.0779188116271,-31.5031740055998
1985,3,91.580028074,30.7875773507061
1985,4,204.785017463,62.9366615731046
1985,5,527.480952144441,207.662028691248
1985,6,217.36709495903,-186.789998461401
1985,7,220.685287492,-91.5777080092068
1985,8,132.594202938,-141.188715962282
1985,9,197.1510827648,30.1229531814947
1985,10,175.2545701501,40.0744008891264
1985,11,114.5166525106,26.6912086006388
1985,12,5.1427889356,-62.1256814112106
1986,1,45.8710135075,-2.05064709239047
1986,2,72.56746653151,24.9863737142831
1986,3,87.2779453392,26.4854946159061
1986,4,211.9765037405,70.1281478506046
1986,5,509.16583125,189.346907796807
1986,6,569.34063889155,165.183545471119
1986,7,198.194409054,-114.068586447207
1986,8,294.89989529,21.1169763897176
1986,9,78.91863736,-88.1094922233053
1986,10,95.61881987896,-39.5613493820136
1986,11,294.790698625,206.965254715039
1986,12,25.9448206556121,-41.3236496911985
1987,1,0.074655575,-47.8470050248905
1987,2,27.91771392777,-19.6633788894569
1987,3,105.469530604068,44.6770798807741
1987,4,85.9738114145,-55.8745444753954
1987,5,193.4413266976,-126.377596755593
1987,6,241.29882618,-162.858267240431
1987,7,454.31192168,142.048926178793
1987,8,290.343861326584,16.5609424263016
1987,9,136.241390163341,-30.7867394199641
1987,10,132.52161099401,-2.65855826696361
1987,11,82.55695905,-5.26848485996118
1987,12,50.81387523911,-16.4545951077006
1988,1,71.423285151,23.5016245511095
1988,2,2.2296156,-45.3514772172269
1988,3,116.13476625481,55.3423155315161
1988,4,111.5843207839,-30.2640351059954
1988,5,137.71897298,-182.099950473193
1988,6,485.82874201068,81.6716485902493
1988,7,215.49715787,-96.7658376312068
1988,8,375.74566494,101.962746039718
1988,9,64.04959794754,-102.978531635765
1988,10,153.51052087,18.3303516090264
1988,11,16.84417975758,-70.9812641523812
1988,12,72.46531336127,5.19684301445938
1989,1,42.584537645474,-5.33712295441647
1989,2,15.7763691261,-31.8047236911269
1989,3,27.701374683,-33.0910760402939
1989,4,20.0087289534,-121.839626936495
1989,5,88.818747412699,-231.000176040494
1989,6,486.097466708,81.9403732875693
1989,7,293.7792501855,-18.4837453157068
1989,8,295.30359994471,21.5206810444276
1989,9,66.874626536,-100.153503047305
1989,10,83.15245318,-52.0277160809736
1989,11,28.29048255758,-59.5349613523812
1989,12,189.80310166762,122.534631320809
1990,1,28.37142116898,-19.5502394309105
1990,2,58.4365563953,10.8554635780731
1990,3,144.65138263131,83.8589319080162
1990,4,164.0937648,22.2454089101046
1990,5,259.796521145,-60.0224023081927
1990,6,273.814846703305,-130.342246717126
1990,7,173.686264241,-138.576731260207
1990,8,233.6131882704,-40.1697306298824
1990,9,339.93567325836,172.907543675055
1990,10,56.31746462635,-78.8627046346236
1990,11,80.878796084,-6.94664782596118
1990,12,30.9538248619,-36.3146454849106
1991,1,26.824292,-21.0973685998905
1991,2,12.5878770245,-34.9932157927269
1991,3,46.67432309,-14.1181276332939
1991,4,245.4212749828,103.572919092905
1991,5,707.2698737355,387.450950282307
1991,6,216.009710817,-188.147382603431
1991,7,370.0670887223,57.8040932210932
1991,8,118.46590577,-155.317013130282
1991,9,184.566558611,17.5384290276947
1991,10,97.723315211,-37.4568540499736
1991,11,62.888862928,-24.9365809819612
1991,12,197.7995735835,130.531103236689
1992,1,0.36925788152,-47.5524027183705
1992,2,43.21657562624,-4.36451719098692
1992,3,64.273494194,3.48104347070613
1992,4,205.4773878605,63.6290319706046
1992,5,716.70875274,396.889829286807
1992,6,461.51129843,57.3542050095693
1992,7,179.4009982013,-132.861997299907
1992,8,140.5504400123,-133.232478887982
1992,9,208.46133600504,41.4332064217347
1992,10,166.48952666245,31.3093574014764
1992,11,43.184311292,-44.6411326179612
1992,12,86.9172916501,19.6488213032894
1993,1,43.395381638782,-4.52627896110847
1993,2,1.5018665837575,-46.0792262334694
1993,3,61.4137536201,0.621302896806142
1993,4,209.23985396534,67.3914980754446
1993,5,523.61323421807,203.794310764877
1993,6,626.3120362049,222.154942784469
1993,7,374.419600393768,62.1566048925612
1993,8,341.2437679,67.4608489997177
1993,9,70.99949249,-96.0286370933053
1993,10,133.7074518623,-1.47271739867361
1993,11,90.86958227,3.04413836003881
1993,12,110.8678226468,43.5993522999894
1994,1,36.08140054,-11.8402600598905
1994,2,22.03354395507,-25.5475488621569
1994,3,42.07945612636,-18.7129945969339
1994,4,257.222263849579,115.373907959684
1994,5,200.58118479803,-119.237738655163
1994,6,461.198061552,57.0409681315693
1994,7,454.737129618,142.474134116793
1994,8,82.29072121467,-191.492197685612
1994,9,344.2437976265,177.215668043195
1994,10,194.77461064,59.5944413790264
1994,11,115.818849836,27.9934059260388
1994,12,117.84171563017,50.5732452833594
1995,1,21.096547955,-26.8251126448905
1995,2,1.1577889805,-46.4233038367269
1995,3,58.892953238,-1.89949748529386
1995,4,219.24122999265,77.3928741027546
1995,5,110.9679399018,-208.850983551393
1995,6,662.445314958,258.288221537569
1995,7,509.3049831367,197.041987635493
1995,8,437.443329854,163.660410953718
1995,9,86.5615309978,-80.4665985855053
1995,10,114.96965738,-20.2105118809736
1995,11,15.53410466736,-72.2913392426012
1995,12,0.48381769,-66.7846526568106
1996,1,31.9033299583,-16.0183306415905
1996,2,56.1454440648,8.56435124757309
1996,3,117.09215608,56.2997053567061
1996,4,134.55811168,-7.29024420989541
1996,5,180.482370024,-139.336553429193
1996,6,219.14555263041,-185.011540790021
1996,7,50.72284556,-261.540149941207
1996,8,228.244498762,-45.5384201382824
1996,9,90.89109952,-76.1370300633053
1996,10,85.27115027953,-49.9090189814436
1996,11,99.0494555646,11.2240116546388
1996,12,42.3820001509662,-24.8864701958444
1997,1,77.95538675582,30.0337261559295
1997,2,49.727778518,2.14668570077308
1997,3,17.60012781351,-43.1923229097839
1997,4,525.98226354,384.133907650105
1997,5,170.609435896053,-149.20948755714
1997,6,597.402475312803,193.245381892372
1997,7,357.2009040072,44.9379085059932
1997,8,210.37855327,-63.4043656302824
1997,9,227.8560170754,60.8278874920947
1997,10,210.25035395474,75.0701846937664
1997,11,138.731284764276,50.9058408543148
1997,12,80.618966232,13.3504958851894
1998,1,14.788062070943,-33.1335985289475
1998,2,18.038422534,-29.5426702832269
1998,3,29.177082893,-31.6153678302939
1998,4,81.32730678,-60.5210491098954
1998,5,112.09495697,-207.723966483193
1998,6,125.60787498597,-278.549218434461
1998,7,160.693923245,-151.569072256207
1998,8,184.516317742,-89.2666011582824
1998,9,90.8995376801,-76.1285919032053
1998,10,7.664363502,-127.515805758974
1998,11,38.26503392589,-49.5604099840712
1998,12,55.4435938546,-11.8248764922106
1999,1,21.53253118,-26.3891294198905
1999,2,34.13317384,-13.4479189772269
1999,3,45.8995706762,-14.8928800470939
1999,4,56.1364019598,-85.7119539300954
1999,5,220.22573310199,-99.5931903512027
1999,6,486.2487507,82.0916572795693
1999,7,103.248537568,-209.014457933207
1999,8,343.35311449411,69.5701955938276
1999,9,314.72475457771,147.696624994405
1999,10,41.17605129582,-94.0041179651536
1999,11,34.2071989475,-53.6182449624612
1999,12,23.139240856,-44.1292294908106
2000,1,40.9038319272,-7.01782867269047
2000,2,189.632636171782,142.051543354555
2000,3,53.6461693397,-7.14628138359386
2000,4,108.1455247357,-33.7028311541954
2000,5,112.1662487305,-207.652674722693
2000,6,789.039775415606,384.882681995175
2000,7,197.81624270989,-114.446752791317
2000,8,252.8459467171,-20.9369721831823
2000,9,298.27711233,131.248982746695
2000,10,84.119960419315,-51.0602088416586
2000,11,93.2193760751,5.39393216513882
2000,12,84.04550458008,16.7770342332694
2001,1,141.9505653015,94.02890470161
2001,2,21.277561557,-26.3035312602269
2001,3,59.3851578583,-1.40729286499386
2001,4,86.05271146078,-55.7956444291154
2001,5,550.2697953343,230.450871881107
2001,6,411.3440988,7.18700537956931
2001,7,677.70575800197,365.442762500763
2001,8,246.98796161,-26.7949572902824
2001,9,53.4584147815,-113.569714801805
2001,10,32.5360296752,-102.644139585774
2001,11,87.28771738311,-0.537726526851188
2001,12,0.086696584,-67.1817737628106
2002,1,29.05289166,-18.8687689398905
2002,2,118.08131087626,70.5002180590331
2002,3,193.5490261507,132.756575427406
2002,4,166.6278845897,24.7795286998046
2002,5,266.0860154167,-53.7329080364927
2002,6,293.7578069806,-110.399286439831
2002,7,176.965182019,-135.297813482207
2002,8,422.9359047152,149.152985814918
2002,9,189.3524553038,22.3243257204947
2002,10,475.1679085885,339.987739327526
2002,11,169.462780115,81.6373362050388
2002,12,66.059342694,-1.20912765281062
2003,1,38.945216656408,-8.97644394348247
2003,2,7.00048903102,-40.5806037862069
2003,3,25.6383671279,-35.1540835953939
2003,4,43.7697931212,-98.0785627686954
2003,5,99.6926248707,-220.126298582493
2003,6,683.6725783224,279.515484901969
2003,7,265.70380518,-46.5591903212068
2003,8,127.41066959,-146.372249310282
2003,9,233.0519147261,66.0237851427947
2003,10,144.1570949,8.9769256390264
2003,11,111.49834321,23.6728993000388
2003,12,104.9659788602,37.6975085133894
2004,1,5.7313587232454,-42.1903018766451
2004,2,21.948155253,-25.6329375642269
2004,3,94.17629905,33.3838483267061
2004,4,323.79186085,181.943504960105
2004,5,28.322518827451,-291.496404625742
2004,6,510.43143142,106.274337999569
2004,7,347.561873086,35.2988775847932
2004,8,116.174955837,-157.607963063282
2004,9,196.06447751364,29.0363479303347
2004,10,204.706723511,69.5265542500264
2004,11,156.9281798894,69.1027359794388
2004,12,45.9715346425,-21.2969357043106
2005,1,35.03684104,-12.8848195598905
2005,2,8.47605493,-39.1050378872269
2005,3,66.42026045939,5.62780973609613
2005,4,53.37740311988,-88.4709527700154
2005,5,638.07712099,318.258197536807
2005,6,547.600114386,143.443020965569
2005,7,307.050936575,-5.21205892620685
2005,8,439.041046549072,165.25812764879
2005,9,53.57240963,-113.455719953305
2005,10,44.0496177575,-91.1305515034736
2005,11,204.012203293,116.186759383039
2005,12,74.5346773595,7.26620701268936
2006,1,73.759950113848,25.8382895139575
2006,2,35.4108116378029,-12.170281179424
2006,3,60.699202706142,-0.0932480171518648
2006,4,193.7669814904,51.9186256005046
2006,5,217.47101892,-102.347904533193
2006,6,571.89779650151,167.740703081079
2006,7,553.831889522,241.568894020793
2006,8,355.2320258427,81.4491069424176
2006,9,192.40144447962,25.3733148963147
2006,10,195.429502249,60.2493329880264
2006,11,37.8929573644,-49.9324865455612
2006,12,147.13539908591,79.8669287390994
2007,1,32.5081172,-15.4135433998905
2007,2,76.62845713567,29.0473643184431
2007,3,33.8320761,-26.9603746232939
2007,4,157.84344962,15.9950937301046
2007,5,77.58935868911,-242.229564764083
2007,6,261.403478681,-142.753614739431
2007,7,367.864955192,55.6019596907932
2007,8,184.7170869566,-89.0658319436824
2007,9,87.46882145398,-79.5593081293253
2007,10,80.7574630802,-54.4227061807736
2007,11,20.96200431256,-66.8634395974012
2007,12,46.98869043,-20.2797799168106
2008,1,49.73439532409,1.81273472419953
2008,2,29.5479689889,-18.0331238283269
2008,3,14.402066613,-46.3903841102939
2008,4,105.66331634,-36.1850395498954
2008,5,515.787389717,195.968466263807
2008,6,223.620281213,-180.536812207431
2008,7,338.114049518389,25.8510540171822
2008,8,499.072450983,225.289532082718
2008,9,98.329321337,-68.6988082463053
2008,10,60.211808495,-74.9683607659736
2008,11,51.9638733954664,-35.8615705144948
2008,12,31.735533309827,-35.5329370369836
2009,1,12.9606687638,-34.9609918360905
2009,2,56.39330626029,8.81221344306308
2009,3,30.72877241931,-30.0636783039839
2009,4,99.5349611475,-42.3133947423954
2009,5,498.0990028356,178.280079382407
2009,6,320.73543116,-83.4216622604307
2009,7,190.1680749804,-122.094920520807
2009,8,421.12049337186,147.337574471578
2009,9,141.734670892,-25.2934586913053
2009,10,287.246520833,152.066351572026
2009,11,210.03626437471,122.210820464749
2009,12,54.9586139905,-12.3098563563106
2010,1,28.87223843937,-19.0494221605205
2010,2,69.65270669587,22.0716138786431
2010,3,54.7466392247,-6.04581149859386
2010,4,43.7148372169,-98.1335186729954
2010,5,111.9240132656,-207.894910187593
2010,6,419.475762753019,15.3186693325883
2010,7,318.1959292304,5.93293372919317
2010,8,282.17023985472,8.38732095443766
2010,9,39.8659482179,-127.162181365405
2010,10,103.80739462,-31.3727746409736
2010,11,84.49945019258,-3.32599371738118
2010,12,117.847928108,50.5794577611894
2011,1,119.10731531,71.1856547101095
2011,2,39.3575363699,-8.22355644732691
2011,3,77.3213322697,16.5288815464061
2011,4,205.9210886515,64.0727327616046
2011,5,74.4736091,-245.345314353193
2011,6,332.447172074,-71.7099213464307
2011,7,262.69411627,-49.5688792312068
2011,8,393.8942204,120.111301499718
2011,9,188.090439593,21.0623100096947
2011,10,30.8825249996,-104.297644261374
2011,11,86.563810386797,-1.26163352316418
2011,12,4.536264879,-62.7322054678106
2012,1,87.77367352,39.8520129201095
2012,2,180.1322262992,132.551133481973
2012,3,43.199553567,-17.5928971562939
2012,4,33.484917394,-108.363438495895
2012,5,337.4931031,17.6741796468073
2012,6,455.3970546887,51.2399612682693
2012,7,118.547899093414,-193.715096407793
2012,8,114.771415585,-159.011503315282
2012,9,81.78839109,-85.2397384933053
2012,10,77.84334888019,-57.3368203807836
2012,11,46.8229704327,-41.0024734772612
2012,12,229.314476746,162.046006399189
2013,1,24.2459639282938,-23.6756966715966
2013,2,72.244825332781,24.6637325155541
2013,3,30.972788402,-29.8196623212939
2013,4,86.5267393,-55.3216165898954
2013,5,339.791513301,19.9725898478073
2013,6,248.2046040071,-155.952489413331
2013,7,233.5701957087,-78.6927997925068
2013,8,302.7438000599,28.9608811596177
2013,9,209.65428426,42.6261546766947
2013,10,70.61931516,-64.5608541009736
2013,11,61.7078157457,-26.1176281642612
2013,12,7.374870491,-59.8935998558106
2014,1,73.12786486,25.2062042601095
2014,2,52.07776482813,4.49667201090308
2014,3,123.875897353,63.0834466297062
2014,4,102.26856850129,-39.5797873886054
2014,5,279.26479839205,-40.5541250611427
2014,6,421.281160375,17.1240669545693
2014,7,391.5072230346,79.2442275333931
2014,8,259.2399738472,-14.5429450530823
2014,9,306.80299239,139.774862806695
2014,10,98.2148543188,-36.9653149421736
2014,11,40.9937823756,-46.8316615343612
2014,12,37.955393562623,-29.3130767841876
2015,1,0.0048780603,-47.9167825395905
2015,2,2.24019625336,-45.3408965638669
2015,3,0.06747866328,-60.7249720600139
2015,4,77.574327002,-64.2740288878954
2015,5,247.8837878716,-71.9351355815927
2015,6,453.6862507208,49.5291573003693
2015,7,421.45621985661,109.193224355403
2015,8,412.37630837237,138.593389472088
2015,9,170.3727919228,3.3446623394947
2015,10,99.9678755687,-35.2122936922736
2015,11,41.915983652648,-45.9094602573132
2015,12,42.72247868351,-24.5459916633006
2016,1,24.4672556,-23.4544049998905
2016,2,5.16068818331,-42.4204046339169
2016,3,22.7777288,-38.0147219232939
2016,4,177.922634944,36.0742790541046
2016,5,75.50402858257,-244.314894870623
2016,6,18.403514479,-385.753578941431
2016,7,303.980947463,-8.28204803820682
2016,8,279.47931589,5.69639698971764
2016,9,64.1367942442,-102.891335339105
2016,10,187.07109952,51.8909302590264
2016,11,50.535019792081,-37.2904241178802
2016,12,88.5920701682,21.3235998213894
2017,1,38.68852012238,-9.23314047751047
2017,2,53.3040197168,5.72292689957308
2017,3,60.090826321,-0.701624402293859
2017,4,94.368617347509,-47.4797385423864
2017,5,159.271818835,-160.547104618193
2017,6,383.7174029787,-20.4396904417306
2017,7,218.25394324357,-94.0090522576368
2017,8,401.15165780888,127.368738908598
2017,9,142.667300258385,-24.3608293249203
2017,10,277.34558836974,142.165419108766
2017,11,60.4023668234,-27.4230770865612
2017,12,47.21962474951,-20.0488455973006
2018,1,43.2128876154,-4.70877298449047
2018,2,36.316118544,-11.2649742732269
2018,3,114.62938523569,53.8369345123961
2018,4,198.6736891,56.8253332101046
2018,5,225.086565455,-94.7323579981927
2018,6,345.984441605624,-58.1726518148067
2018,7,141.46387564471,-170.799119856497
2018,8,201.92473774,-71.8581811602824
2018,9,358.4359799017,191.407850318395
2018,10,184.517283129171,49.3371138681978
2018,11,155.576229446,67.7507855360388
2018,12,55.405924855021,-11.8625454917896
2019,1,81.20880642694,33.2871458270495
2019,2,28.474760956,-19.1063318612269
2019,3,33.7597132183,-27.0327375049939
2019,4,32.749204380029,-109.099151509866
2019,5,320.295188435,0.476264981807333
2019,6,517.04012190426,112.883028483829
2019,7,382.072296433,69.8093009317932
2019,8,178.1733717154,-95.6095471848824
2019,9,113.5287037142,-53.4994258691053
2019,10,106.4501967917,-28.7299724692736
2019,11,68.24857872,-19.5768651899612
2019,12,26.028516461,-41.2399538858106
2020,1,44.81808698052,-3.10357361937047
2020,2,21.34636316076,-26.2347296564669
2020,3,14.550246877,-46.2422038462939
2020,4,52.4473294222,-89.4010264676954
